scenario,target,model,log_loss,brier,auc,event_rate,arrivals,events,pr_auc,ece_10,top_decile_precision,top_decile_lift,top1_capture,top5_capture,top10_capture,top20_capture,top30_capture
primary_10airport_rolling,cancellation,CQS-Rank,0.05994418671295626,0.013826016554154193,0.865785028577589,0.0164064607912875,1630760.0,26755.0,0.21946795889122905,0.0012281230623348027,0.08534713546314475,5.202044276878263,0.29897215473743227,0.5864698187254719,0.7149317884507569,0.828106895907307,0.8882078116239955
primary_10airport_rolling,cancellation,Graph-temporal evidence,0.05976644882684537,0.013775032288422327,0.8853923946821509,0.0164064607912875,1630760.0,26755.0,0.25643830935928863,0.0007205464899287794,0.1187544781073957,7.238275190372514,0.24358063913287237,0.5335077555597084,0.6752382732199589,0.8040740048589049,0.8682115492431322
primary_10airport_rolling,cancellation,RAEG-Rank,0.06084035269451679,0.01377108666176126,0.8853095808113529,0.0164064607912875,1630760.0,26755.0,0.2555809424982356,0.002493494623053829,0.11869859859201264,7.234869244623828,0.24216034386096058,0.5326854793496543,0.6743038684358064,0.8052700429826201,0.870753130256027
primary_10airport_rolling,long_arrival_delay,CQS-Rank,0.2611915488503611,0.0722947077751232,0.7219259940932474,0.09289472393239961,1630760.0,151489.0,0.28142121062101133,0.002212274139287515,0.2680911462329293,2.885967414339073,0.12076124339060922,0.32436678570721306,0.46132722507904866,0.6267121705206319,0.7309111552653988
primary_10airport_rolling,long_arrival_delay,Graph-temporal evidence,0.26121071984319455,0.07229626107242698,0.762304654794402,0.09289472393239961,1630760.0,151489.0,0.34041211450379005,0.0022418354850001526,0.3734988755044826,4.020668340392306,0.06311349338895894,0.26119388206404426,0.40014126438223235,0.5553934609113533,0.657163226372872
primary_10airport_rolling,long_arrival_delay,RAEG-Rank,0.2611377479508455,0.07226892996669726,0.7627165493618725,0.09289472393239961,1630760.0,151489.0,0.339213013404392,0.003230742895456586,0.37253386810908934,4.010280157355178,0.06399804606275043,0.2618407937209962,0.40098621021988395,0.5558225349695357,0.656951989913459
primary_10airport_rolling,severe_arrival_delay,CQS-Rank,0.1502630181562328,0.03654531182017278,0.718673641720726,0.041573254188231254,1630760.0,67796.0,0.1564710870660713,0.0027956395307774445,0.12503622193035605,3.007612090317237,0.14065726591539324,0.3622632603693433,0.4900731606584459,0.6438580447224025,0.7445719511475604
primary_10airport_rolling,severe_arrival_delay,Graph-temporal evidence,0.15023478106089058,0.036541029266214796,0.7516346083998939,0.041573254188231254,1630760.0,67796.0,0.1888442953949447,0.0027037362294461426,0.17616799877579367,4.23753209162212,0.08127323145908313,0.3139123252109269,0.44150097350876155,0.5788689598206384,0.6741400672606054
primary_10airport_rolling,severe_arrival_delay,RAEG-Rank,0.15055838754487208,0.03654281950601063,0.7517765651257745,0.041573254188231254,1630760.0,67796.0,0.18859803649478823,0.004409441964422332,0.17622257715976888,4.238844916057949,0.08296949672547053,0.31261431352882174,0.4426514838633548,0.578382205439849,0.6729158062422562
scope_30airport_rolling,cancellation,CQS-Rank,0.05452545369790848,0.012124490048096619,0.851462551208807,0.01391979295182343,3316716.0,46168.0,0.1773969030975567,0.00043061732107317987,0.062477423817392304,4.48838743748757,0.30869866574250565,0.576849766071738,0.7043190088372899,0.8225177612198926,0.8851368913533183
scope_30airport_rolling,cancellation,Graph-temporal evidence,0.05452545369790848,0.012124490048096619,0.8745022793920783,0.01391979295182343,3316716.0,46168.0,0.21185472465047248,0.00043061732107317987,0.08967868034051171,6.442529759666017,0.264685496447756,0.5251906082134812,0.659894299081615,0.7940348293190088,0.8615491249350199
scope_30airport_rolling,cancellation,RAEG-Rank,0.054609916357883176,0.012110783226961295,0.8744909293118881,0.01391979295182343,3316716.0,46168.0,0.21141662877061423,0.0012264400386608556,0.08999428008703703,6.465202492487375,0.2657035175879397,0.5252772483105181,0.6611289204643909,0.7930601282273436,0.8623722058568706
scope_30airport_rolling,long_arrival_delay,CQS-Rank,0.25255730579414065,0.06916493523724868,0.708102491136002,0.08585389885657982,3316716.0,284753.0,0.24382567570361793,0.0007050690816925181,0.20847874278439893,2.428296740869808,0.13191432574898246,0.3327971961665022,0.4669977138081074,0.6311013404599776,0.7378078545265546
scope_30airport_rolling,long_arrival_delay,Graph-temporal evidence,0.25255730579414065,0.06916493523724868,0.7527034483870496,0.08585389885657982,3316716.0,284753.0,0.3028024568637908,0.0007050690816925181,0.30755034511914536,3.5822525152050773,0.08590251902526048,0.2781603705667719,0.39854540601854943,0.5532724852767135,0.6608639768501122
scope_30airport_rolling,long_arrival_delay,RAEG-Rank,0.2524712036276521,0.06914859016644712,0.7530429185702286,0.08585389885657982,3316716.0,284753.0,0.3016635437917848,0.0011848838374759452,0.3080212771156964,3.5877377873106306,0.08681910287161154,0.2783394731574382,0.3983768388743929,0.5534305169743602,0.6614118200686209
scope_30airport_rolling,severe_arrival_delay,CQS-Rank,0.1399875172819683,0.033122575577952465,0.6988023107860187,0.03675714170281688,3316716.0,121913.0,0.12866332559302435,0.002403873915465687,0.08875110347001175,2.414526792849356,0.15381460549736287,0.3605439944878725,0.4873721424294374,0.6412933813457138,0.7436040455078622
scope_30airport_rolling,severe_arrival_delay,Graph-temporal evidence,0.1399875172819683,0.033122575577952465,0.7374182724781507,0.03675714170281688,3316716.0,121913.0,0.1584010422433513,0.002403873915465687,0.13602448219834998,3.700627303888696,0.11145653047665138,0.3124113097044614,0.4243846021343089,0.5650586893932559,0.665696029135531
scope_30airport_rolling,severe_arrival_delay,RAEG-Rank,0.140012764830764,0.033116615625852386,0.7381159322387727,0.03675714170281688,3316716.0,121913.0,0.1580777191682116,0.0033192720424079954,0.13641770932576758,3.71132528281744,0.1123588132520732,0.3137811390089654,0.42516384634944593,0.5651079048173697,0.6647199232239384
cross_year_2024_to_2025,cancellation,CQS-Rank,0.0610393894815734,0.014152728419260626,0.8731854902216065,0.017061378874285146,2124037.0,36239.0,0.2373819904858555,0.0005311168680835718,0.08947063720167034,5.244044919283763,0.3072104638648969,0.590772372306079,0.7207152515246006,0.8391511907061453,0.8967410800518778
cross_year_2024_to_2025,cancellation,Graph-temporal evidence,0.0610393894815734,0.014152728419260626,0.8891210417133976,0.017061378874285146,2124037.0,36239.0,0.2787064179259528,0.0005311168680835718,0.1233602027064542,7.230377076520016,0.25191092469439,0.5311404840089406,0.6744115455724495,0.8084108281133585,0.8727337950826458
cross_year_2024_to_2025,cancellation,RAEG-Rank,0.06102444575694658,0.014129366410022623,0.8892036066922724,0.017061378874285146,2124037.0,36239.0,0.2743281380416958,0.0010846900188425043,0.1231942154386071,7.220648245745543,0.25312508623306385,0.5332652667016198,0.6741907889290544,0.8083280443720853,0.8724302546979773
cross_year_2024_to_2025,long_arrival_delay,CQS-Rank,0.2522462803522215,0.06913894723056185,0.7201817207773659,0.0878525185766538,2124037.0,186602.0,0.26865784072357696,0.0021592504776786468,0.24775835496198514,2.8201622329792286,0.12340703743796959,0.3256395965745276,0.46347841930954653,0.6273941329674924,0.732425161573831
cross_year_2024_to_2025,long_arrival_delay,Graph-temporal evidence,0.2522462803522215,0.06913894723056185,0.7600391407997047,0.0878525185766538,2124037.0,186602.0,0.33033226981581026,0.0021592504776786468,0.3489828291542593,3.972371365196115,0.07802703079281037,0.27421463864267265,0.40321111242108876,0.5526950407819852,0.6536853838651248
cross_year_2024_to_2025,long_arrival_delay,RAEG-Rank,0.25205353964946703,0.06909199814152839,0.7606484281727633,0.0878525185766538,2124037.0,186602.0,0.3269948313724376,0.0018222166565438614,0.3490639444943633,3.973294677827536,0.07778587582126666,0.27399491966859946,0.4038809873420435,0.5532952487111606,0.6539694108316095
cross_year_2024_to_2025,severe_arrival_delay,CQS-Rank,0.14395724551688863,0.034623090592476466,0.7174586029689098,0.039169750809425634,2124037.0,83198.0,0.15055366490599972,0.0017142981438020267,0.1146689367823358,2.927487012624609,0.146674198899012,0.36182360152888293,0.49056467703550566,0.6434048895406139,0.7456188850693526
cross_year_2024_to_2025,severe_arrival_delay,Graph-temporal evidence,0.14395724551688863,0.034623090592476466,0.7493667896755951,0.039169750809425634,2124037.0,83198.0,0.18260509365156088,0.0017142981438020267,0.16515027694542814,4.216270809302343,0.09857208105964085,0.32151013245510707,0.43722204860693764,0.5708430491117575,0.6647154979687012
cross_year_2024_to_2025,severe_arrival_delay,RAEG-Rank,0.1439003191472507,0.03460970762605228,0.7499599805848234,0.039169750809425634,2124037.0,83198.0,0.1799077490117822,0.0014202436815011902,0.16554866817956496,4.226441699489395,0.09895670569004063,0.3214139762975072,0.4375345561191375,0.5701098584100579,0.6640183658261016
