scenario,target,n_bins,radius_mode,max_gap,mean_gap,queue_overlap_with_cqs,queue_overlap_with_raeg,robust_events,reference_events,robust_event_gain_vs_raeg,robust_capture_gain_vs_raeg
primary_10airport_rolling,long_arrival_delay,5,bin_abs_gap,0.009882812625702397,0.00287591755194007,0.9869934024505184,0.6582469368520264,69873.0,60771.0,9102.0,0.060083570424255224
primary_10airport_rolling,long_arrival_delay,5,bin_abs_gap_x1_5,0.009882812625702397,0.00287591755194007,0.9775683317624883,0.6590009425070688,69796.0,60771.0,9025.0,0.05957528269379295
primary_10airport_rolling,long_arrival_delay,5,bin_abs_gap_x2,0.009882812625702397,0.00287591755194007,0.9709707822808671,0.6606974552309143,69782.0,60771.0,9011.0,0.05948286674279981
primary_10airport_rolling,long_arrival_delay,5,global_max_gap,0.009882812625702397,0.00287591755194007,0.9786993402450518,0.6744580584354383,69883.0,60771.0,9112.0,0.060149581817821755
primary_10airport_rolling,long_arrival_delay,10,bin_abs_gap,0.014598665380234632,0.00294979893610391,0.9915174363807728,0.6508953817153629,69896.0,60771.0,9125.0,0.060235396629458246
primary_10airport_rolling,long_arrival_delay,10,bin_abs_gap_x1_5,0.014598665380234632,0.00294979893610391,0.9869934024505184,0.6473138548539114,69872.0,60771.0,9101.0,0.06007696928489857
primary_10airport_rolling,long_arrival_delay,10,bin_abs_gap_x2,0.014598665380234632,0.00294979893610391,0.9822808671065033,0.6442978322337417,69888.0,60771.0,9117.0,0.06018258751460502
primary_10airport_rolling,long_arrival_delay,10,global_max_gap,0.014598665380234632,0.00294979893610391,0.9694627709707823,0.6835061262959472,69894.0,60771.0,9123.0,0.06022219435074494
primary_10airport_rolling,long_arrival_delay,20,bin_abs_gap,0.02293656176251918,0.0030289011628239593,0.9896324222431668,0.6514608859566446,69868.0,60771.0,9097.0,0.06005056472747196
primary_10airport_rolling,long_arrival_delay,20,bin_abs_gap_x1_5,0.02293656176251918,0.0030289011628239593,0.9841658812441093,0.6499528746465598,69877.0,60771.0,9106.0,0.06010997498168184
primary_10airport_rolling,long_arrival_delay,20,bin_abs_gap_x2,0.02293656176251918,0.0030289011628239593,0.9796418473138548,0.6476908576814326,69908.0,60771.0,9137.0,0.06031461030173808
primary_10airport_rolling,long_arrival_delay,20,global_max_gap,0.02293656176251918,0.0030289011628239593,0.9479736098020736,0.70311027332705,69774.0,60771.0,9003.0,0.059430057627946585
primary_10airport_rolling,severe_arrival_delay,5,bin_abs_gap,0.009440065407451764,0.0025938134804638106,0.9532516493873704,0.6765315739868049,33148.0,30008.0,3140.0,0.046315416838751546
primary_10airport_rolling,severe_arrival_delay,5,bin_abs_gap_x1_5,0.009440065407451764,0.0025938134804638106,0.9229029217719132,0.6806786050895381,33033.0,30008.0,3025.0,0.04461915157236415
primary_10airport_rolling,severe_arrival_delay,5,bin_abs_gap_x2,0.009440065407451764,0.0025938134804638106,0.8882186616399623,0.6833176248821866,32853.0,30008.0,2845.0,0.0419641276771491
primary_10airport_rolling,severe_arrival_delay,5,global_max_gap,0.009440065407451764,0.0025938134804638106,0.953440150801131,0.7115928369462771,33219.0,30008.0,3211.0,0.04736267626408638
primary_10airport_rolling,severe_arrival_delay,10,bin_abs_gap,0.016470660858783875,0.0026198350607059217,0.971536286522149,0.6467483506126296,33144.0,30008.0,3136.0,0.04625641630774677
primary_10airport_rolling,severe_arrival_delay,10,bin_abs_gap_x1_5,0.016470660858783875,0.0026198350607059217,0.9575871819038643,0.6343072573044298,33112.0,30008.0,3104.0,0.04578441205970854
primary_10airport_rolling,severe_arrival_delay,10,bin_abs_gap_x2,0.016470660858783875,0.0026198350607059217,0.9357210179076343,0.6162111215834118,32948.0,30008.0,2940.0,0.0433653902885126
primary_10airport_rolling,severe_arrival_delay,10,global_max_gap,0.016470660858783875,0.0026198350607059217,0.9153628652214891,0.7455230914231856,33016.0,30008.0,3008.0,0.04436839931559384
primary_10airport_rolling,severe_arrival_delay,20,bin_abs_gap,0.027457220609427097,0.002764764252245804,0.9802073515551367,0.6546654099905749,33141.0,30008.0,3133.0,0.04621216590949319
primary_10airport_rolling,severe_arrival_delay,20,bin_abs_gap_x1_5,0.027457220609427097,0.002764764252245804,0.9655042412818096,0.6403393025447691,33092.0,30008.0,3084.0,0.04548940940468464
primary_10airport_rolling,severe_arrival_delay,20,bin_abs_gap_x2,0.027457220609427097,0.002764764252245804,0.9502356267672007,0.6286522148916117,33011.0,30008.0,3003.0,0.04429464865183787
primary_10airport_rolling,severe_arrival_delay,20,global_max_gap,0.027457220609427097,0.002764764252245804,0.8550424128180961,0.8030160226201697,32683.0,30008.0,2675.0,0.039456605109445986
primary_10airport_rolling,cancellation,5,bin_abs_gap,0.006775321261117136,0.001479811135474515,0.929688972667295,0.7621112158341188,19006.0,18042.0,964.0,0.0360306484769202
primary_10airport_rolling,cancellation,5,bin_abs_gap_x1_5,0.006775321261117136,0.001479811135474515,0.8880301602262017,0.7675777568331762,18911.0,18042.0,869.0,0.03247991029714072
primary_10airport_rolling,cancellation,5,bin_abs_gap_x2,0.006775321261117136,0.001479811135474515,0.8508953817153628,0.7658812441093308,18756.0,18042.0,714.0,0.02668660063539525
primary_10airport_rolling,cancellation,5,global_max_gap,0.006775321261117136,0.001479811135474515,0.9327049952874646,0.8001885014137606,19076.0,18042.0,1034.0,0.038646981872547184
primary_10airport_rolling,cancellation,10,bin_abs_gap,0.013233415254750802,0.0015445274901699116,0.9400565504241282,0.6880301602262017,19044.0,18042.0,1002.0,0.037450943748832
primary_10airport_rolling,cancellation,10,bin_abs_gap_x1_5,0.013233415254750802,0.0015445274901699116,0.8968897266729501,0.6497643732327992,18913.0,18042.0,871.0,0.03255466267987292
primary_10airport_rolling,cancellation,10,bin_abs_gap_x2,0.013233415254750802,0.0015445274901699116,0.8469368520263902,0.6092365692742695,18657.0,18042.0,615.0,0.022986357690151372
primary_10airport_rolling,cancellation,10,global_max_gap,0.013233415254750802,0.0015445274901699116,0.8786050895381715,0.8486333647502357,18946.0,18042.0,904.0,0.033788076994954216
primary_10airport_rolling,cancellation,20,bin_abs_gap,0.023527604686536918,0.001568436663768994,0.9739868049010367,0.7155513666352498,19107.0,18042.0,1065.0,0.03980564380489628
primary_10airport_rolling,cancellation,20,bin_abs_gap_x1_5,0.023527604686536918,0.001568436663768994,0.9538171536286523,0.6978322337417531,19066.0,18042.0,1024.0,0.03827321995888619
primary_10airport_rolling,cancellation,20,bin_abs_gap_x2,0.023527604686536918,0.001568436663768994,0.9234684260131951,0.6716305372290292,18863.0,18042.0,821.0,0.03068585311156793
primary_10airport_rolling,cancellation,20,global_max_gap,0.023527604686536918,0.001568436663768994,0.8033930254476909,0.9151743638077285,18590.0,18042.0,548.0,0.020482152868622688
scope_30airport_rolling,long_arrival_delay,5,bin_abs_gap,0.0024514315305596557,0.0011491245259231911,0.9956563398275311,0.6267646119450655,132958.0,113457.0,19501.0,0.06848391412908732
scope_30airport_rolling,long_arrival_delay,5,bin_abs_gap_x1_5,0.0024514315305596557,0.0011491245259231911,0.9936122644522517,0.6267646119450655,133009.0,113457.0,19552.0,0.06866301671975361
scope_30airport_rolling,long_arrival_delay,5,bin_abs_gap_x2,0.0024514315305596557,0.0011491245259231911,0.9918875758543596,0.6270839987224529,132998.0,113457.0,19541.0,0.06862438674921774
scope_30airport_rolling,long_arrival_delay,5,global_max_gap,0.0024514315305596557,0.0011491245259231911,0.992590226764612,0.6309166400511019,132971.0,113457.0,19514.0,0.06852956773062971
scope_30airport_rolling,long_arrival_delay,10,bin_abs_gap,0.0032348889914428774,0.0011609473465864207,0.9936761418077291,0.6281060364100927,132992.0,113457.0,19535.0,0.06860331585619818
scope_30airport_rolling,long_arrival_delay,10,bin_abs_gap_x1_5,0.0032348889914428774,0.0011609473465864207,0.9910571702331523,0.6290641967422549,133031.0,113457.0,19574.0,0.06874027666082534
scope_30airport_rolling,long_arrival_delay,10,bin_abs_gap_x2,0.0032348889914428774,0.0011609473465864207,0.9875439156818908,0.630533375918237,133035.0,113457.0,19578.0,0.0687543239228384
scope_30airport_rolling,long_arrival_delay,10,global_max_gap,0.0032348889914428774,0.0011609473465864207,0.9900351325455126,0.6328329607154264,132984.0,113457.0,19527.0,0.06857522133217209
scope_30airport_rolling,long_arrival_delay,20,bin_abs_gap,0.003472806014669483,0.0011943425347705685,0.9936122644522517,0.6277866496327053,132977.0,113457.0,19520.0,0.06855063862364927
scope_30airport_rolling,long_arrival_delay,20,bin_abs_gap_x1_5,0.003472806014669483,0.0011943425347705685,0.9909932928776749,0.6291280740977323,132997.0,113457.0,19540.0,0.06862087493371448
scope_30airport_rolling,long_arrival_delay,20,bin_abs_gap_x2,0.003472806014669483,0.0011943425347705685,0.9883743213030981,0.6302139891408496,133024.0,113457.0,19567.0,0.06871569395230252
scope_30airport_rolling,long_arrival_delay,20,global_max_gap,0.003472806014669483,0.0011943425347705685,0.9892686042797828,0.6332801022037687,132996.0,113457.0,19539.0,0.06861736311821122
scope_30airport_rolling,severe_arrival_delay,5,bin_abs_gap,0.005943454515436375,0.002180033364614882,0.9817310763334398,0.6328968380709039,59307.0,51826.0,7481.0,0.06136343129936922
scope_30airport_rolling,severe_arrival_delay,5,bin_abs_gap_x1_5,0.005943454515436375,0.002180033364614882,0.9696582561481955,0.6372404982433727,59259.0,51826.0,7433.0,0.060969707906457886
scope_30airport_rolling,severe_arrival_delay,5,bin_abs_gap_x2,0.005943454515436375,0.002180033364614882,0.9569466624081763,0.6413286489939316,59178.0,51826.0,7352.0,0.06030529968092
scope_30airport_rolling,severe_arrival_delay,5,global_max_gap,0.005943454515436375,0.002180033364614882,0.9492175023954008,0.6637496007665282,59249.0,51826.0,7423.0,0.060887682199601355
scope_30airport_rolling,severe_arrival_delay,10,bin_abs_gap,0.007726843926873034,0.00220907374018455,0.9874161609709358,0.6224848291280741,59352.0,51826.0,7526.0,0.0617325469802236
scope_30airport_rolling,severe_arrival_delay,10,bin_abs_gap_x1_5,0.007726843926873034,0.00220907374018455,0.9791759821143404,0.6196742254870649,59349.0,51826.0,7523.0,0.061707939268166645
scope_30airport_rolling,severe_arrival_delay,10,bin_abs_gap_x2,0.007726843926873034,0.00220907374018455,0.9699137655701054,0.6169913765570105,59344.0,51826.0,7518.0,0.06166692641473838
scope_30airport_rolling,severe_arrival_delay,10,global_max_gap,0.007726843926873034,0.00220907374018455,0.9341424465027148,0.6759501756627275,59140.0,51826.0,7314.0,0.05999360199486519
scope_30airport_rolling,severe_arrival_delay,20,bin_abs_gap,0.009912573813454228,0.0022178604006289045,0.9907377834557649,0.6267646119450655,59371.0,51826.0,7545.0,0.06188839582325101
scope_30airport_rolling,severe_arrival_delay,20,bin_abs_gap_x1_5,0.009912573813454228,0.0022178604006289045,0.9854359629511338,0.6281699137655701,59330.0,51826.0,7504.0,0.06155209042513924
scope_30airport_rolling,severe_arrival_delay,20,bin_abs_gap_x2,0.009912573813454228,0.0022178604006289045,0.9784733312040882,0.6297029702970297,59284.0,51826.0,7458.0,0.06117477217359921
scope_30airport_rolling,severe_arrival_delay,20,global_max_gap,0.009912573813454228,0.0022178604006289045,0.9149792398594698,0.6919195145320983,58953.0,51826.0,7127.0,0.0584597212766481
scope_30airport_rolling,cancellation,5,bin_abs_gap,0.0020982554533391998,0.000513189394164364,0.9794953688917278,0.7395720217183008,32504.0,30549.0,1955.0,0.042345347426789116
scope_30airport_rolling,cancellation,5,bin_abs_gap_x1_5,0.0020982554533391998,0.000513189394164364,0.9692749920153305,0.7428297668476526,32501.0,30549.0,1952.0,0.04228036735401144
scope_30airport_rolling,cancellation,5,bin_abs_gap_x2,0.0020982554533391998,0.000513189394164364,0.9572660491855637,0.7459597572660492,32465.0,30549.0,1916.0,0.041500606480679256
scope_30airport_rolling,cancellation,5,global_max_gap,0.0020982554533391998,0.000513189394164364,0.9732353880549345,0.7550303417438518,32555.0,30549.0,2006.0,0.04345000866400971
scope_30airport_rolling,cancellation,10,bin_abs_gap,0.0033747461209217705,0.0005358480649941281,0.9874800383264133,0.7219418716065155,32496.0,30549.0,1947.0,0.0421720672327153
scope_30airport_rolling,cancellation,10,bin_abs_gap_x1_5,0.0033747461209217705,0.0005358480649941281,0.9800702650910252,0.7159374001916321,32468.0,30549.0,1919.0,0.04156558655345694
scope_30airport_rolling,cancellation,10,bin_abs_gap_x2,0.0033747461209217705,0.0005358480649941281,0.9722772277227723,0.7091664005110189,32461.0,30549.0,1912.0,0.04141396638364235
scope_30airport_rolling,cancellation,10,global_max_gap,0.0033747461209217705,0.0005358480649941281,0.9586074736505908,0.767230916640051,32535.0,30549.0,1986.0,0.04301680817882516
scope_30airport_rolling,cancellation,20,bin_abs_gap,0.005258535596770142,0.0005526026666829521,0.9888853401469179,0.7312679655062281,32479.0,30549.0,1930.0,0.04180384682030844
scope_30airport_rolling,cancellation,20,bin_abs_gap_x1_5,0.005258535596770142,0.0005526026666829521,0.983072500798467,0.7302459278185883,32482.0,30549.0,1933.0,0.04186882689308612
scope_30airport_rolling,cancellation,20,bin_abs_gap_x2,0.005258535596770142,0.0005526026666829521,0.9770041520281061,0.7287128712871287,32456.0,30549.0,1907.0,0.04130566626234621
scope_30airport_rolling,cancellation,20,global_max_gap,0.005258535596770142,0.0005526026666829521,0.9372724369211115,0.7856914723730437,32515.0,30549.0,1966.0,0.04258360769364062
cross_year_2024_to_2025,long_arrival_delay,5,bin_abs_gap,0.006102429395209968,0.0021513028004882897,0.9919171866137266,0.6453488372093024,86488.0,75347.0,11141.0,0.05970461195485579
cross_year_2024_to_2025,long_arrival_delay,5,bin_abs_gap_x1_5,0.006102429395209968,0.0021513028004882897,0.9869540555870675,0.6459160521837777,86465.0,75347.0,11118.0,0.05958135496940011
cross_year_2024_to_2025,long_arrival_delay,5,bin_abs_gap_x2,0.006102429395209968,0.0021513028004882897,0.9812819058423142,0.6470504821327283,86446.0,75347.0,11099.0,0.05947953398141499
cross_year_2024_to_2025,long_arrival_delay,5,global_max_gap,0.006102429395209968,0.0021513028004882897,0.9852524106636416,0.6576857629041407,86456.0,75347.0,11109.0,0.05953312397509137
cross_year_2024_to_2025,long_arrival_delay,10,bin_abs_gap,0.011595064755101192,0.002137386374949853,0.9886557005104935,0.63471355643789,86482.0,75347.0,11135.0,0.05967245795864996
cross_year_2024_to_2025,long_arrival_delay,10,bin_abs_gap_x1_5,0.011595064755101192,0.002137386374949853,0.982274532047646,0.6294668179239932,86466.0,75347.0,11119.0,0.05958671396876775
cross_year_2024_to_2025,long_arrival_delay,10,bin_abs_gap_x2,0.011595064755101192,0.002137386374949853,0.9763187748156551,0.6242200794100964,86414.0,75347.0,11067.0,0.05930804600165057
cross_year_2024_to_2025,long_arrival_delay,10,global_max_gap,0.011595064755101192,0.002137386374949853,0.9740499149177538,0.66747022121384,86454.0,75347.0,11107.0,0.059522405976356094
cross_year_2024_to_2025,long_arrival_delay,20,bin_abs_gap,0.022897889595356602,0.0021790224705819745,0.9872376630743052,0.6376914350538854,86390.0,75347.0,11043.0,0.05917943001682726
cross_year_2024_to_2025,long_arrival_delay,20,bin_abs_gap_x1_5,0.022897889595356602,0.0021790224705819745,0.9802892796369824,0.6345717526942711,86361.0,75347.0,11014.0,0.059024019035165756
cross_year_2024_to_2025,long_arrival_delay,20,bin_abs_gap_x2,0.022897889595356602,0.0021790224705819745,0.9729154849688032,0.6314520703346569,86357.0,75347.0,11010.0,0.0590025830376952
cross_year_2024_to_2025,long_arrival_delay,20,global_max_gap,0.022897889595356602,0.0021790224705819745,0.9490924560408395,0.6895916052183778,86275.0,75347.0,10928.0,0.05856314508954888
cross_year_2024_to_2025,severe_arrival_delay,5,bin_abs_gap,0.005706082042661487,0.0014988338447024733,0.9746171298922292,0.6446398184912082,40817.0,36487.0,4330.0,0.052044520300968775
cross_year_2024_to_2025,severe_arrival_delay,5,bin_abs_gap_x1_5,0.005706082042661487,0.0014988338447024733,0.957884288145207,0.6449234259784459,40813.0,36487.0,4326.0,0.0519964422221688
cross_year_2024_to_2025,severe_arrival_delay,5,bin_abs_gap_x2,0.005706082042661487,0.0014988338447024733,0.9417186613726602,0.6444980147475894,40719.0,36487.0,4232.0,0.05086660737036948
cross_year_2024_to_2025,severe_arrival_delay,5,global_max_gap,0.005706082042661487,0.0014988338447024733,0.9719228587634714,0.6698808848553602,40794.0,36487.0,4307.0,0.05176807134786894
cross_year_2024_to_2025,severe_arrival_delay,10,bin_abs_gap,0.013041436008778079,0.0018500097186010798,0.9702212138400453,0.6157118547929665,40795.0,36487.0,4308.0,0.051780090867568934
cross_year_2024_to_2025,severe_arrival_delay,10,bin_abs_gap_x1_5,0.013041436008778079,0.0018500097186010798,0.9566080544526375,0.6028077141236529,40748.0,36487.0,4261.0,0.05121517344166927
cross_year_2024_to_2025,severe_arrival_delay,10,bin_abs_gap_x2,0.013041436008778079,0.0018500097186010798,0.9376063528077141,0.5842314237095859,40599.0,36487.0,4112.0,0.049424265006370344
cross_year_2024_to_2025,severe_arrival_delay,10,global_max_gap,0.013041436008778079,0.0018500097186010798,0.932643221781055,0.7036301758366421,40714.0,36487.0,4227.0,0.05080650977186952
cross_year_2024_to_2025,severe_arrival_delay,20,bin_abs_gap,0.024473145987089856,0.0019076041308140862,0.9773114010209869,0.6263471355643789,40767.0,36487.0,4280.0,0.051443544315969134
cross_year_2024_to_2025,severe_arrival_delay,20,bin_abs_gap_x1_5,0.024473145987089856,0.0019076041308140862,0.9631310266591038,0.6157118547929665,40670.0,36487.0,4183.0,0.05027765090506983
cross_year_2024_to_2025,severe_arrival_delay,20,bin_abs_gap_x2,0.024473145987089856,0.0019076041308140862,0.9466817923993194,0.6016732841747022,40618.0,36487.0,4131.0,0.04965263588067021
cross_year_2024_to_2025,severe_arrival_delay,20,global_max_gap,0.024473145987089856,0.0019076041308140862,0.866137266023823,0.7630459444129325,40317.0,36487.0,3830.0,0.04603476045097238
cross_year_2024_to_2025,cancellation,5,bin_abs_gap,0.0019040918648737665,0.00047678059409662053,0.9845433919455474,0.7515598411798071,26100.0,24453.0,1647.0,0.04544827395899445
cross_year_2024_to_2025,cancellation,5,bin_abs_gap_x1_5,0.0019040918648737665,0.00047678059409662053,0.9760351673284174,0.7545377197958026,26086.0,24453.0,1633.0,0.04506194983305279
cross_year_2024_to_2025,cancellation,5,bin_abs_gap_x2,0.0019040918648737665,0.00047678059409662053,0.9676687464549064,0.7580828133862734,26067.0,24453.0,1614.0,0.0445376528049891
cross_year_2024_to_2025,cancellation,5,global_max_gap,0.0019040918648737665,0.00047678059409662053,0.9842597844583097,0.7585082246171299,26120.0,24453.0,1667.0,0.04600016556748255
cross_year_2024_to_2025,cancellation,10,bin_abs_gap,0.0035562405999775837,0.0004873679007594884,0.987379466817924,0.732274532047646,26140.0,24453.0,1687.0,0.04655205717597064
cross_year_2024_to_2025,cancellation,10,bin_abs_gap_x1_5,0.0035562405999775837,0.0004873679007594884,0.9818491208167895,0.7270277935337492,26131.0,24453.0,1678.0,0.046303705952151
cross_year_2024_to_2025,cancellation,10,bin_abs_gap_x2,0.0035562405999775837,0.0004873679007594884,0.9757515598411798,0.7212138400453773,26125.0,24453.0,1672.0,0.04613813846960457
cross_year_2024_to_2025,cancellation,10,global_max_gap,0.0035562405999775837,0.0004873679007594884,0.9679523539421441,0.7718377765173,26100.0,24453.0,1647.0,0.04544827395899445
cross_year_2024_to_2025,cancellation,20,bin_abs_gap,0.0067253361836959735,0.000526698137059348,0.9931934203062961,0.7446114577424844,26156.0,24453.0,1703.0,0.04699357046276111
cross_year_2024_to_2025,cancellation,20,bin_abs_gap_x1_5,0.0067253361836959735,0.000526698137059348,0.9906409529211572,0.7440442427680091,26155.0,24453.0,1702.0,0.04696597588233671
cross_year_2024_to_2025,cancellation,20,bin_abs_gap_x2,0.0067253361836959735,0.000526698137059348,0.9872376630743052,0.7437606352807714,26157.0,24453.0,1704.0,0.04702116504318552
cross_year_2024_to_2025,cancellation,20,global_max_gap,0.0067253361836959735,0.000526698137059348,0.9398752127056155,0.797078842881452,26038.0,24453.0,1585.0,0.043737409972681364
